,ORG
183,MISC
145,LOC
240,LOC
8880,ORG
458,ORG
78587,PER
142,LOC
154666,MISC
29,MISC
255657,PER
46,LOC
586,LOC
5928,PER
84,LOC
30,LOC
21,MISC
41262,LOC
408,LOC
148,LOC
865,LOC
956,LOC
1867,LOC
127031,LOC
212,LOC
558718,PER
1155502,ORG
130879,ORG
204839,ORG
834446,ORG
1794,LOC
246,ORG
40966,ORG
81965,ORG
44294,ORG
40993,ORG
41,LOC
1524,LOC
155390,PER
2337038,PER
220189,ORG
34,LOC
858,LOC
174916,LOC
801,LOC
1218,LOC
701793,PER
61,LOC
1714952,ORG
1328935,PER
79,LOC
187009,ORG
118725,PER
1175220,PER
43723,PER
83210,LOC
7204,LOC
190,PER
2532517,ORG
159,LOC
36,MISC
1016,MISC
3572,LOC
794,LOC
1530,LOC
796,LOC
12223,MISC
1554548,PER
785078,ORG
138796,ORG
2041508,MISC
66711956,MISC
677505,ORG
781221,ORG
817,MISC
37643,MISC
8139321,LOC
191204,LOC
851,LOC
3882,LOC
34211,PER
219060,MISC
57410,PER
158119,LOC
39760,LOC
712133,LOC
40059,LOC
1350054,LOC
889,LOC
878,LOC
42418,MISC
612,MISC
1519,LOC
188810,LOC
45604,LOC
5838,LOC
188667,PER
187712,LOC
5481,LOC
222,LOC
1316,PER
200015,PER
844793,ORG
1065,ORG
842407,LOC
34675,LOC
822,LOC
3820,LOC
285097,ORG
41053,ORG
2866212,ORG
2823847,ORG
843,LOC
64900,ORG
1071967,ORG
1297,LOC
29364,LOC
173,LOC
6410551,ORG
212900,ORG
7570186,ORG
16556,LOC
12461,ORG
90,LOC
15,MISC
215569,PER
1138646,ORG
14112,LOC
114608284,ORG
3502883,MISC
1431486,ORG
1801811,LOC
1776022,ORG
585,LOC
33,LOC
1757,LOC
194060,ORG
55,MISC
727,LOC
30192,MISC
48989,ORG
2607594,MISC
163132,LOC
1397,LOC
2140388,MISC
7150971,PER
863182,PER
13365056,PER
17,LOC
1246925,PER
1343627,PER
4992237,PER
327813,PER
914196,PER
1178161,PER
2272640,PER
531520,PER
328006,PER
2347058,PER
325374,PER
381941,PER
440171,PER
258,LOC
2401606,PER
5126725,PER
328068,PER
715648,PER
96005,PER
68807,PER
179752,PER
949710,PER
5203482,PER
4953821,PER
978241,PER
7615798,PER
1132650,PER
1960111,PER
708633,PER
7153760,PER
1136455,PER
38,LOC
690638,PER
7426398,PER
8021906,PER
1358390,PER
7436798,PER
2180785,PER
532111,PER
377621,ORG
187205,LOC
218,LOC
233,LOC
40241,MISC
745555,PER
42462,LOC
6769327,PER
3346442,MISC
5538648,PER
1542489,LOC
723336,PER
6163716,PER
1382713,LOC
906441,MISC
491099,LOC
99,LOC
188080,PER
229104,PER
259026,PER
229100,PER
232633,PER
3566084,PER
3459193,LOC
22654,MISC
53370,PER
311177,PER
3856200,PER
730444,PER
381173,PER
213,LOC
361676,PER
1028,LOC
460621,PER
214,LOC
383612,PER
187198,PER
19446,ORG
1137275,MISC
5126693,LOC
3041569,ORG
3489807,ORG
5050212,LOC
2735265,ORG
16148725,PER
3058749,ORG
10690,LOC
3195284,ORG
3107254,ORG
83065,LOC
3229147,ORG
3126578,ORG
192240,LOC
3505744,ORG
3344193,ORG
2096399,LOC
3344790,ORG
2725632,ORG
172729,LOC
2725705,ORG
2725667,ORG
1187032,LOC
3177444,ORG
2725657,ORG
1321565,LOC
182538,LOC
1155836,LOC
1766640,PER
6941338,PER
2740848,PER
25283948,PER
982801,PER
3535598,PER
1393201,PER
3535504,PER
4806923,PER
3345562,PER
465623,PER
34044,LOC
4093,LOC
5794,ORG
18656,ORG
22,LOC
19597,ORG
317417,PER
101730,MISC
163534,LOC
1741,LOC
5180774,PER
19593,ORG
461705,PER
188632,PER
27,MISC
11151,MISC
44980,PER
595467,MISC
172,LOC
298542,PER
16,LOC
219966,PER
40,MISC
1301386,PER
204279,PER
224,LOC
369228,PER
356768,PER
272532,PER
298,LOC
465949,PER
35,MISC
54691,PER
46308,PER
54536,PER
1852367,PER
310949,PER
123298,PER
39,MISC
162487,PER
1327006,PER
204068,PER
450974,PER
312717,PER
974264,PER
522220,PER
980620,PER
335312,PER
560187,PER
603156,PER
954,LOC
718178,PER
201593,PER
221737,PER
1077886,PER
5237579,PER
4938923,ORG
5465,LOC
3527355,PER
19689,LOC
60495,ORG
162582,ORG
331589,LOC
188782,LOC
104302,LOC
301726,ORG
166196,LOC
390183,ORG
180857,LOC
672396,PER
171882,LOC
291447,ORG
188791,LOC
193995,ORG
183326,LOC
134712,LOC
594686,ORG
37,LOC
321061,ORG
165141,LOC
157144,LOC
170403,LOC
606499,ORG
191,LOC
2275503,ORG
26793,LOC
205685,ORG
20,LOC
394474,ORG
22890,LOC
2530304,PER
1341568,PER
6769531,PER
472,LOC
144190,ORG
219,LOC
13363064,ORG
215,LOC
597004,LOC
216773,LOC
186690,LOC
211,LOC
1842,LOC
730907,ORG
32,LOC
130673,ORG
134479,LOC
10704,LOC
369420,ORG
200688,LOC
1346756,ORG
230,LOC
1085,LOC
193481,ORG
483868,LOC
249533,ORG
190978,LOC
1521189,PER
169060,PER
611524,PER
23436,LOC
202093,ORG
173009,ORG
36704,LOC
72779,PER
7932607,MISC
1584246,ORG
775469,ORG
191142,LOC
318698,ORG
180800,LOC
384,LOC
1648339,ORG
221,LOC
275612,ORG
28,MISC
201567,ORG
208396,ORG
260858,MISC
1781,LOC
18756,MISC
901724,PER
10411456,PER
155,LOC
8678,LOC
198032,ORG
506832,ORG
35933,ORG
1133475,ORG
478317,ORG
270995,ORG
188277,ORG
274465,ORG
2668486,ORG
910453,ORG
816779,ORG
219098,ORG
221695,ORG
541744,ORG
80964,ORG
2868248,ORG
204675,ORG
838534,ORG
312464,PER
132377,MISC
3130,LOC
1276241,LOC
41520,MISC
710119,PER
1663,LOC
1216893,ORG
782875,LOC
715173,PER
159821,MISC
360630,PER
401869,LOC
1376114,MISC
1865,LOC
884,LOC
833,LOC
252,MISC
979967,PER
463102,PER
469911,PER
1917844,PER
272479,PER
664,LOC
434560,PER
197267,PER
123577,MISC
60,LOC
9446,PER
241624,PER
600738,PER
710579,PER
502583,PER
1640440,PER
964079,PER
310380,PER
559917,PER
469324,PER
114124,PER
1543225,PER
560175,PER
438876,PER
207705,PER
502002,PER
942937,PER
1356375,PER
277802,PER
335209,PER
355338,PER
964112,PER
1714777,PER
978594,PER
463811,PER
16475,PER
29441,PER
552674,PER
9012593,PER
73280,PER
189542,PER
309859,PER
7407,PER
3114069,PER
739,LOC
617551,PER
449730,PER
193361,PER
961198,PER
1364928,PER
65553,PER
1177146,PER
512831,PER
346630,PER
736,LOC
553368,PER
335222,PER
1337384,PER
974288,PER
1413506,PER
31,LOC
335333,PER
778,LOC
552698,PER
77,LOC
60109,PER
590875,PER
1365315,PER
414,LOC
53396,PER
9011296,PER
112821,PER
303725,PER
541972,PER
691217,PER
282958,PER
717,LOC
1042826,PER
737996,PER
957450,PER
72098,PER
715252,PER
1340151,PER
962526,PER
715141,PER
2604330,PER
54661,PER
63355,PER
209007,PER
650816,ORG
1038597,PER
5092,LOC
466586,ORG
4760650,PER
743309,ORG
3182071,PER
975653,LOC
7182332,PER
826751,ORG
692417,ORG
265538,MISC
213417,ORG
1363291,MISC
1163715,MISC
213959,ORG
650829,ORG
650855,ORG
1209816,MISC
642553,ORG
246782,LOC
604879,ORG
848103,ORG
744530,ORG
1209761,MISC
329816,ORG
504339,ORG
1360147,MISC
461595,LOC
1148233,LOC
652879,ORG
650840,ORG
848117,ORG
335169,ORG
653772,ORG
721134,ORG
388858,ORG
308966,ORG
465469,MISC
858082,MISC
7382592,PER
37320,LOC
3296945,PER
706908,PER
326416,PER
1155003,PER
7704605,PER
1154053,LOC
970848,PER
5335524,PER
5246396,PER
731168,PER
3246427,PER
3498774,PER
123682,PER
634857,PER
6143550,PER
558664,PER
5106898,PER
6162372,PER
2963613,PER
353511,PER
6143472,PER
100,LOC
6848912,PER
3030993,PER
6122597,PER
12439,LOC
2923384,PER
41819,LOC
387212,PER
1527,LOC
6241463,PER
6294139,PER
11958,PER
11938,ORG
318348,ORG
372187,PER
362712,PER
81888,ORG
332642,ORG
116060,PER
71,LOC
495299,ORG
9248,LOC
4801623,PER
685949,PER
180563,MISC
666782,PER
1900,ORG
315324,PER
201360,ORG
313137,PER
51974,ORG
671196,PER
666854,PER
676250,PER
449715,PER
672466,PER
3619552,PER
124201,PER
4512,ORG
672051,PER
309456,ORG
2779025,PER
677807,PER
219235,ORG
372858,PER
631,ORG
113245,PER
366571,PER
673003,PER
313438,PER
41420,ORG
749413,MISC
1022,LOC
713266,PER
28871615,PER
2842301,PER
543007,PER
545161,PER
45012,PER
1256211,PER
3376211,PER
2579229,PER
2472275,PER
7166769,PER
7381422,PER
386012,PER
707225,PER
508491,PER
1341329,PER
5980598,PER
2311848,PER
442041,PER
2035163,PER
1173943,PER
585894,PER
5605410,PER
328039,PER
540233,PER
2648321,PER
381667,PER
369945,PER
1494925,PER
2047928,PER
2692234,PER
2164112,PER
3283829,PER
616320,PER
2096158,PER
1385511,PER
2668560,PER
1654285,PER
2587293,PER
2279901,PER
35572,ORG
18760,MISC
4628,LOC
25,MISC
184,LOC
189,LOC
217,LOC
45,LOC
26,LOC
229,LOC
399,LOC
142555,LOC
35381,LOC
854,LOC
1143793,LOC
1254704,LOC
472649,PER
2743480,PER
160173,LOC
173474,LOC
923384,LOC
1614849,ORG
36091,LOC
559392,MISC
7098552,ORG
4896783,ORG
43421,LOC
1472,PER
508568,PER
7374196,LOC
430594,LOC
25286,LOC
939416,ORG
2992409,ORG
34433,ORG
4970039,ORG
664609,LOC
13353,LOC
30990,ORG
2748702,ORG
1878797,PER
102113,MISC
11662,PER
464583,PER
60874,MISC
233243,PER
173633,PER
43605,MISC
57401,PER
232618,PER
11677,PER
233339,PER
134720,PER
229121,PER
273507,PER
6346,LOC
8684,LOC
482406,ORG
482449,ORG
169985,ORG
129673,ORG
1041,LOC
3718,LOC
847677,LOC
1033,LOC
1014,MISC
1274219,ORG
3748,LOC
11026399,PER
1024906,LOC
7888232,ORG
3787,LOC
193272,ORG
3733,LOC
202582,PER
47543,ORG
428,MISC
7264,MISC
155402,PER
34647,LOC
8023,PER
608207,LOC
39093,MISC
989955,LOC
5312314,ORG
106158,ORG
649,LOC
5196,LOC
379271,ORG
5187,LOC
6589202,ORG
295898,PER
193354,PER
1792,LOC
1021091,LOC
251062,ORG
3906456,LOC
34453,PER
223799,ORG
133274,LOC
225,MISC
11194,LOC
1261176,ORG
156053,LOC
403,MISC
278311,ORG
437,LOC
1010,LOC
2841,LOC
1353040,ORG
982879,LOC
996581,LOC
1486,LOC
419,LOC
2868,LOC
207854,ORG
321322,PER
730,MISC
3001,LOC
24226,LOC
57667,PER
3769,LOC
869,MISC
1861,MISC
8646,LOC
170919,LOC
1239291,PER
469516,PER
17252,LOC
17293,PER
3114,LOC
214178,LOC
3805,LOC
810,LOC
201538,PER
49088,ORG
42620,ORG
7147610,PER
7325,MISC
406,LOC
85,LOC
374740,ORG
66,ORG
1860,MISC
1049,LOC
34105,PER
37470,ORG
115,LOC
469299,PER
3774492,ORG
161376,MISC
33264,LOC
649736,PER
1522,LOC
65,LOC
23768,LOC
46636,PER
847596,LOC
1581,LOC
959502,LOC
5534598,PER
1439,LOC
357444,PER
771,LOC
277459,LOC
1055,LOC
151250,MISC
28260,LOC
1553,LOC
188,MISC
352,PER
7318,MISC
492250,PER
49768,ORG
7320,MISC
7310,MISC
166269,ORG
718909,MISC
2595546,PER
262,LOC
432,MISC
9592,MISC
131818,LOC
1366170,PER
3561,LOC
64,LOC
9688,LOC
9686,LOC
665365,LOC
657005,LOC
46033,LOC
27706,LOC
668382,LOC
131402,LOC
265994,LOC
158732,LOC
499707,ORG
291171,ORG
1124,PER
805394,ORG
1761,LOC
356460,PER
29552,MISC
34821,PER
56034,ORG
177593,PER
270529,PER
159913,PER
668,LOC
987,LOC
248484,PER
521306,MISC
1354,LOC
902,LOC
7785,ORG
332374,PER
837,MISC
9247597,ORG
18197265,ORG
43100,LOC
170115,LOC
6026897,PER
377870,PER
1974408,ORG
6970876,ORG
944085,ORG
3531998,PER
1156,LOC
30547,PER
1348,LOC
35637,MISC
322132,MISC
159583,LOC
908758,ORG
220,LOC
179248,MISC
17052262,MISC
2793617,PER
302,PER
53944,PER
105387,MISC
185278,ORG
166419,ORG
4917,MISC
305393,ORG
208875,ORG
50008,ORG
849887,ORG
95149,ORG
62,LOC
1506724,ORG
1065320,ORG
806687,ORG
23661,LOC
1472704,MISC
36687,LOC
1318423,MISC
1490,LOC
6343183,ORG
31015,MISC
822202,ORG
5115192,PER
3630,LOC
2084109,ORG
76179,PER
180816,MISC
11462,LOC
466496,MISC
507338,MISC
424846,MISC
1899,LOC
1140115,LOC
15180,MISC
227,LOC
863,LOC
629702,PER
302045,MISC
7804,ORG
8908,ORG
7184,ORG
213678,LOC
8748,MISC
469971,MISC
3088127,ORG
159846,ORG
37079,PER
471728,ORG
134773,MISC
19020,MISC
506885,PER
189526,PER
844908,PER
3567869,PER
1968,MISC
172851,LOC
78502,PER
171329,ORG
172832,PER
172030,ORG
172843,PER
171337,ORG
172842,PER
76720,PER
172777,PER
10505,PER
9671,PER
172854,PER
171367,ORG
169846,PER
172751,PER
64506339,ORG
172018,PER
3220251,ORG
105868,PER
258930,PER
3193948,PER
269278,PER
19604,ORG
18723,ORG
19637,ORG
18515,ORG
1387066,ORG
845623,LOC
184163,LOC
1592322,LOC
12454494,PER
3529098,PER
3403069,PER
6536627,PER
3526560,PER
5982824,PER
299493,PER
18661,ORG
9616,ORG
19490,ORG
296583,PER
49145,LOC
5849,ORG
376397,PER
55801,LOC
3926,LOC
5468,PER
498478,LOC
2053955,PER
4754827,PER
7059344,ORG
106300408,PER
2024205,PER
237894,PER
1156323,ORG
210695,PER
456740,PER
76334,PER
10296192,PER
1369909,PER
6846559,PER
4955157,PER
3026411,PER
536900,PER
1148022,PER
7355755,PER
3163219,PER
473208,PER
3109345,PER
16208108,PER
3083348,PER
6766485,PER
3098450,PER
5524975,PER
717045,PER
562878,PER
4355492,PER
3538229,PER
6814045,PER
5212561,PER
54877364,PER
3528585,PER
3195039,PER
5388614,PER
4716983,PER
6118426,PER
3357658,PER
75729,ORG
597,LOC
1936034,ORG
6959581,PER
726547,PER
311344,PER
128446,ORG
131499,ORG
182994,MISC
6463,ORG
82595,MISC
32494,ORG
523102,PER
703757,PER
1081964,PER
142005,ORG
1389451,PER
460830,PER
525346,PER
171500,PER
10006,LOC
1903652,PER
546988,PER
366493,PER
346427,PER
19523,ORG
483020,ORG
233681,PER
72,LOC
1029,MISC
228807,PER
8531,MISC
262033,PER
5274586,PER
1973704,PER
1850660,PER
2084732,PER
4540718,PER
809058,PER
14403907,PER
733721,PER
311048,PER
310019,PER
131237,PER
311366,PER
311725,PER
311300,PER
23556,LOC
354324,PER
240424,PER
271356,PER
766,LOC
178340,ORG
290774,PER
241,MISC
181644,PER
503107,PER
217354,PER
217358,PER
231991,PER
61505,PER
253743,PER
241360,PER
254681,PER
2607971,PER
261624,PER
271600,PER
256093,PER
437072,PER
978279,PER
3094350,PER
7608785,PER
272484,PER
232351,PER
271593,PER
114,LOC
233672,PER
452568,PER
1177706,PER
728602,PER
441217,PER
528045,PER
953,LOC
3439746,PER
3532435,PER
1027651,PER
2992503,PER
127309,PER
264031,PER
240599,PER
31081,PER
254503,PER
435005,PER
261661,PER
289533,PER
6509238,PER
7422837,PER
470615,PER
1365519,PER
361596,PER
822297,PER
190924,PER
1200082,PER
364750,PER
492869,PER
1036,MISC
725504,PER
962091,PER
644702,PER
1247846,PER
3162989,PER
310272,PER
1030,LOC
2761898,PER
1829791,PER
452305,PER
529653,PER
433366,PER
3303454,PER
238250,PER
271673,PER
241067,PER
113380,PER
234762,PER
228808,PER
437513,PER
268860,PER
366215,PER
722301,PER
264171,PER
607937,PER
313496,PER
368472,PER
574112,PER
966981,PER
162073,PER
698240,PER
229838,PER
722824,PER
913219,PER
23635,LOC
461516,PER
5479947,PER
614352,PER
281173,PER
83905,PER
1368266,PER
451919,PER
514779,PER
1799372,PER
232008,PER
176131,PER
61460,PER
2076266,PER
3506324,PER
232,LOC
116011,PER
3496134,PER
313799,PER
1381244,PER
212213,PER
967,LOC
4327861,PER
1037,LOC
318382,PER
360042,PER
267245,LOC
314440,PER
1422,ORG
759193,PER
295887,PER
771352,PER
465049,PER
1467843,PER
667306,PER
718284,PER
725768,PER
313468,PER
483145,PER
735137,PER
190608,PER
2288869,PER
447031,PER
351972,PER
2121035,PER
2519999,PER
828203,PER
43310,LOC
103892,LOC
51976,ORG
66925,PER
57183,PER
505864,PER
561980,PER
19317,MISC
131261,PER
154856,PER
702371,PER
61225,PER
508467,PER
308925,PER
327285,PER
366109,PER
437274,PER
247242,PER
155911,PER
155919,PER
154156,PER
60536,PER
155884,PER
152844,PER
61219,PER
57079,PER
437241,PER
201584,ORG
19628,ORG
4122219,ORG
193749,ORG
635654,ORG
172567,ORG
2312558,ORG
65973164,ORG
203092,LOC
379709,PER
3522572,PER
192202,MISC
8036173,ORG
349135,PER
916,MISC
3897,LOC
28699,ORG
1969479,ORG
475688,MISC
36312,LOC
1930,LOC
556027,PER
47213,PER
43199,LOC
217583,ORG
8652,LOC
295280,ORG
32396,ORG
1058767,ORG
335357,ORG
308911,ORG
2819046,ORG
23406,LOC
1289348,ORG
9301187,LOC
766445,LOC
20934,LOC
4918,MISC
166,LOC
79808,LOC
11712531,LOC
2536875,LOC
181982,LOC
642481,LOC
152057,ORG
489243,ORG
553927,ORG
48,LOC
334,LOC
41278,LOC
42125,LOC
204905,ORG
1017851,PER
848797,MISC
143487,MISC
1355817,ORG
249104,MISC
485150,MISC
2916840,LOC
223727,ORG
35323,MISC
174158,ORG
204333,MISC
33935,LOC
875556,MISC
1900173,PER
2711003,PER
497782,ORG
1130849,ORG
347,LOC
3701245,PER
131215,ORG
19648,ORG
495,LOC
83457,LOC
7156,ORG
128468,LOC
622671,LOC
8673,LOC
336350,LOC
3870,LOC
974,LOC
3425795,ORG
1435,LOC
3040168,ORG
3370,LOC
127885,MISC
211853,LOC
774636,ORG
270,LOC
1484980,ORG
168174,PER
2518,PER
155658,MISC
3711,LOC
23522,LOC
684999,PER
371267,ORG
160381,MISC
36747,MISC
2900,LOC
307701,PER
3783,LOC
2844,LOC
12829733,LOC
15024,PER
44819,PER
15711797,ORG
957483,PER
139785,PER
599938,PER
4908149,PER
146906,PER
31572,LOC
234801,PER
179933,MISC
3640,LOC
501053,MISC
51614,ORG
152220,ORG
83061,LOC
647378,LOC
93209,LOC
7057435,MISC
789915,ORG
315927,PER
57306,PER
7348814,PER
41470,MISC
49222,LOC
1370,LOC
370213,PER
501542,ORG
29468,MISC
720242,PER
22316,PER
7947483,ORG
49111,LOC
8007,PER
129462,PER
7648336,PER
33866,PER
9325,ORG
1815623,MISC
80312,ORG
3037,LOC
162306,PER
16597,PER
18301,PER
7238170,PER
5451,MISC
104759367,LOC
11725,LOC
162222,ORG
193326,ORG
163241,ORG
16068,MISC
9685,PER
43274,PER
152831,LOC
243550,PER
1634026,ORG
4081230,ORG
2075380,ORG
189606,ORG
13677,ORG
7414,ORG
815668,ORG
444015,ORG
1020589,LOC
1204,LOC
61302,LOC
96,MISC
6517143,ORG
558571,MISC
2668161,PER
83370,MISC
5083,LOC
2283,ORG
223718,PER
9188,LOC
1406,MISC
7340114,PER
174198,ORG
486487,MISC
488978,MISC
232912,LOC
1537,LOC
732804,PER
881,LOC
797,LOC
39450,LOC
79716,LOC
1015639,LOC
1973,LOC
631282,LOC
1612,LOC
33405,LOC
1497,LOC
2861562,ORG
8333,ORG
79446,LOC
336105,ORG
169943,LOC
927134,LOC
645708,ORG
290661,ORG
934511,LOC
206421,PER
23800,LOC
39526,LOC
9322,ORG
525592,ORG
2558892,ORG
11220,ORG
487315,LOC
51330,PER
241149,ORG
721162,ORG
781486,ORG
781392,ORG
216082,ORG
2447054,ORG
3141,LOC
691,LOC
1405205,ORG
39988,ORG
423,LOC
8686,LOC
75150,LOC
952937,ORG
4671036,ORG
219577,ORG
33685,ORG
201653,ORG
683771,ORG
923193,ORG
169167,ORG
151954,ORG
925132,ORG
125054,ORG
1590833,ORG
184618,LOC
1053299,ORG
1134208,ORG
189592,LOC
1266203,ORG
334122,ORG
57052,LOC
313708,PER
201291,PER
134620,LOC
53268,ORG
211421,PER
36033,ORG
172741,ORG
732162,PER
173465,PER
2206700,ORG
25413189,PER
657916,PER
20943,MISC
169898,ORG
171397,PER
173094,PER
171992,ORG
172999,PER
173145,PER
16067033,ORG
171543,PER
171431,PER
171555,PER
142381,ORG
171467,PER
10962,MISC
1142995,MISC
3365292,ORG
2352689,ORG
1210267,ORG
8035013,ORG
1134319,ORG
2549837,ORG
1150127,ORG
3481717,ORG
3125972,ORG
2941467,ORG
7085655,ORG
1202117,ORG
6840278,PER
6768180,PER
1788018,ORG
6791437,PER
2723418,PER
5290552,PER
7803594,PER
1541932,PER
7153012,PER
4724726,PER
11776223,PER
6827610,PER
1572215,LOC
1166623,PER
12985273,PER
3526035,PER
3520174,PER
6849227,PER
192597,ORG
390256,ORG
210961,ORG
1046939,ORG
216523,ORG
192873,ORG
187326,ORG
408554,ORG
1059430,ORG
955789,ORG
282126,ORG
335483,ORG
867876,ORG
219241,ORG
822722,ORG
319136,ORG
268776,ORG
518259,ORG
1140392,ORG
904186,ORG
793241,ORG
498473,ORG
1059415,ORG
854890,ORG
1059399,ORG
1090661,ORG
867921,ORG
1377801,ORG
539374,ORG
610447,ORG
589563,ORG
309059,ORG
180420,ORG
18716,ORG
19498,ORG
47762,LOC
483583,PER
152832,PER
555705,PER
361409,PER
95475913,PER
327187,PER
5622675,PER
163,ORG
311709,PER
18739,ORG
18741,ORG
290769,PER
239688,PER
19580,ORG
9617,ORG
19481,ORG
18711,ORG
19470,ORG
18747,ORG
18732,ORG
1128631,ORG
19482,ORG
19451,ORG
18721,ORG
19462,ORG
18744,ORG
19467,ORG
19601,ORG
9653,ORG
18729,ORG
48946,ORG
48951,ORG
19607,ORG
19444,ORG
18736,ORG
50602,ORG
19634,ORG
48948,ORG
19500,ORG
48879,ORG
19442,ORG
19473,ORG
19571,ORG
18520,ORG
19456,ORG
19449,ORG
19458,ORG
19644,ORG
48935,ORG
19573,ORG
19495,ORG
19587,ORG
19612,ORG
48925,ORG
48950,ORG
19626,ORG
18526,ORG
19598,ORG
2714,ORG
19487,ORG
18529,ORG
48947,ORG
48953,ORG
48943,ORG
48954,ORG
19568,ORG
9408,ORG
18750,ORG
18662,ORG
19453,ORG
19575,ORG
19477,ORG
1070732,ORG
18509,ORG
909189,ORG
18659,ORG
48939,ORG
1237961,ORG
19592,ORG
18708,ORG
18516,ORG
19589,ORG
18519,ORG
19595,ORG
48945,ORG
18522,ORG
48949,ORG
19578,ORG
19615,ORG
47965,ORG
366237,PER
3446467,PER
971915,PER
2272950,PER
205288,PER
3126862,PER
3484246,PER
2245315,ORG
754310,ORG
1323373,ORG
757098,ORG
188656,ORG
207501,ORG
219264,ORG
2561958,ORG
431139,ORG
771941,ORG
3007199,ORG
94605,ORG
209619,ORG
3443542,ORG
44300,ORG
470796,ORG
1056679,ORG
52942,ORG
287236,ORG
651966,ORG
190943,ORG
134255,ORG
328655,ORG
746902,ORG
925935,ORG
262569,ORG
140497,ORG
345142,ORG
753580,ORG
928,LOC
1816551,ORG
4708489,ORG
3545715,ORG
7493704,ORG
490046,ORG
340,LOC
216510,ORG
219703,ORG
200321,ORG
167541,MISC
40844,LOC
778632,PER
482955,PER
1526974,PER
125796,PER
209650,PER
219248,PER
203657,PER
24711,ORG
190561,ORG
187528,ORG
221940,ORG
364698,ORG
865735,ORG
732002,ORG
1669847,ORG
18232,ORG
1293144,ORG
725018,ORG
19585,ORG
138248,ORG
197633,PER
208399,ORG
1646840,PER
132885,ORG
3313831,PER
19516,ORG
221432,PER
180305,ORG
311342,PER
191843,ORG
583258,PER
459148,ORG
192071,ORG
185163,ORG
2275781,PER
19509,ORG
172476,ORG
182876,ORG
221525,ORG
5432758,PER
126334,ORG
1177327,PER
328658,ORG
193377,ORG
2852805,PER
704,ORG
520658,PER
19513,ORG
298267,ORG
768148,PER
24699,ORG
332664,ORG
854167,ORG
209895,ORG
19603,ORG
396942,ORG
24680,ORG
134241,ORG
24719,ORG
738060,ORG
191264,ORG
105861,ORG
1908490,PER
105844,ORG
101959,ORG
312089,PER
105853,ORG
461666,ORG
120254,PER
698052,PER
131603,ORG
303429,PER
598387,PER
390159,PER
104761,ORG
151747,ORG
2427244,PER
106394,ORG
501333,PER
104770,ORG
311520,PER
15789,ORG
154293,ORG
595792,ORG
659780,ORG
131209,ORG
206343,ORG
392310,ORG
2387559,ORG
994811,ORG
457460,ORG
37116,MISC
343624,ORG
2461344,LOC
168954,LOC
1727611,LOC
829,LOC
24639,LOC
1020,LOC
184945,PER
188693,LOC
3921,LOC
1125930,ORG
5987345,ORG
1393804,LOC
10707,PER
3859,LOC
192647,MISC
204381,LOC
193092,MISC
747918,PER
1743993,LOC
830631,LOC
5767743,PER
418260,MISC
106652,LOC
160493,LOC
1963,LOC
986,MISC
954963,LOC
686813,LOC
260308,ORG
3642,LOC
642882,ORG
26400,ORG
311596,PER
57625,PER
531418,PER
9061,PER
811,LOC
3274,LOC
114142,PER
851422,ORG
3616,LOC
6397066,LOC
7314924,ORG
948,LOC
852230,ORG
3856,LOC
649695,ORG
132754,LOC
1257,PER
180522,LOC
4808621,ORG
319079,PER
11268,ORG
236421,PER
35525,LOC
1371,LOC
1603,LOC
1166,LOC
1415,LOC
6847909,PER
5947468,MISC
1329523,ORG
6659951,PER
477936,ORG
47588,MISC
84388,PER
313577,ORG
156203,ORG
47832,PER
541,LOC
206730,MISC
23301,PER
1462,LOC
1280,LOC
2044,LOC
47750,ORG
2028,PER
392934,ORG
13696,LOC
32484,PER
2945138,LOC
843323,LOC
81046,LOC
1780,LOC
12498,PER
2529832,ORG
189746,MISC
3284627,LOC
3995,LOC
2807,LOC
921217,ORG
185088,ORG
11739,LOC
1362,LOC
4478,LOC
6127208,ORG
317899,LOC
216875,LOC
251,MISC
486860,LOC
14647,ORG
4896433,ORG
74195,LOC
2061730,ORG
734338,ORG
312,ORG
466,MISC
163820,LOC
4346838,ORG
37156,ORG
7120660,ORG
910409,MISC
1365348,PER
960526,PER
272268,MISC
334040,MISC
6160375,PER
10283410,MISC
283392,PER
391342,MISC
54352,LOC
2181482,PER
697811,ORG
7174986,PER
5493297,ORG
9584,ORG
6118107,PER
215657,ORG
7491711,PER
171474,PER
527883,LOC
2855940,PER
2463058,ORG
158888,ORG
1093559,ORG
174170,LOC
944833,PER
173307,PER
3524952,PER
947430,PER
123904,PER
171761,PER
173001,PER
173308,PER
171546,PER
171557,PER
108975,PER
944809,PER
888336,PER
1259227,PER
2213334,PER
172805,PER
42448,LOC
255690,PER
434700,PER
236170,PER
6079643,PER
457956,PER
241050,PER
2731297,PER
436465,PER
455813,PER
6759311,PER
3609107,PER
240630,PER
2440007,PER
549114,PER
548170,PER
457819,PER
454687,PER
723689,PER
5075259,PER
735924,PER
362389,PER
2896704,PER
573215,PER
1392721,PER
534022,ORG
27586,ORG
974654,PER
641883,PER
4018505,PER
577264,PER
271812,ORG
732601,PER
302710,PER
428175,PER
2276304,PER
748148,ORG
1363531,PER
382225,PER
2738919,PER
460314,PER
1383829,PER
181642,ORG
910674,ORG
998899,PER
5378,MISC
863469,ORG
5231978,PER
2849129,PER
296666,PER
363608,PER
294593,PER
18976,PER
1722877,PER
924516,PER
5107238,PER
3109117,PER
3527096,PER
1985448,PER
5593034,PER
6790931,PER
3526913,PER
3528923,PER
7175687,PER
5246208,PER
191595,LOC
330056,LOC
83145,MISC
3792,LOC
257411,LOC
242845,LOC
850258,ORG
671761,PER
1676912,PER
244981,ORG
1370602,PER
7385424,PER
1369596,PER
2106804,PER
7818442,PER
6440192,PER
4816480,PER
19660,LOC
924296,ORG
220863,ORG
842134,ORG
584629,ORG
1689705,ORG
204237,ORG
753462,ORG
245162,ORG
179658,ORG
1262908,ORG
795978,ORG
29108,ORG
182930,ORG
29115,ORG
324338,ORG
1059186,ORG
17497,ORG
176371,ORG
1346121,ORG
29112,ORG
274778,ORG
391099,ORG
889348,ORG
2528035,ORG
50776,MISC
948900,ORG
249679,ORG
2742645,ORG
911681,ORG
2521385,ORG
3044572,ORG
858633,ORG
2305526,ORG
251090,ORG
2272176,ORG
1084121,ORG
1034556,ORG
637601,ORG
278043,ORG
2736412,ORG
958369,ORG
2936583,ORG
3492268,ORG
665111,ORG
3109991,ORG
3344175,ORG
3325289,ORG
635964,ORG
3374818,ORG
3495256,ORG
3344159,ORG
3286027,ORG
3567504,ORG
3366024,ORG
2881454,ORG
3339101,ORG
3564616,ORG
2936194,ORG
3339085,ORG
2573367,ORG
3003720,ORG
3109995,ORG
167038,PER
1827858,PER
471146,PER
983458,PER
1525868,PER
1081144,PER
1134401,PER
28155055,PER
5224811,PER
16194797,PER
5235243,PER
2907863,PER
3295921,PER
6788952,PER
16214156,PER
7963516,PER
504309,ORG
6293916,PER
176100,PER
2726999,PER
4953848,PER
1261,LOC
6769984,PER
3051520,PER
7932680,ORG
8836231,PER
867833,PER
6143511,PER
7815192,PER
613319,PER
3041860,PER
334634,ORG
16552,ORG
16211365,PER
601521,PER
726918,PER
3018769,PER
16555,LOC
7103139,PER
7812659,PER
7488245,PER
317863,PER
2403160,PER
75684,ORG
937157,PER
6625334,PER
1654093,PER
223450,ORG
926438,ORG
2052,ORG
170376,PER
490,LOC
169918,MISC
15804,MISC
1543,ORG
432154,PER
189984,PER
19109,MISC
135625,PER
234532,PER
193625,PER
170703,ORG
15149,PER
173139,PER
676899,LOC
67964,PER
185115,PER
19618,MISC
837205,ORG
212819,ORG
775976,ORG
217233,ORG
208552,ORG
211177,ORG
291163,ORG
737947,ORG
186785,ORG
603271,ORG
190526,ORG
223262,ORG
633521,ORG
659212,ORG
121571,MISC
708089,PER
1837721,PER
1349193,PER
5488694,PER
2303302,PER
6197414,PER
786414,MISC
493881,PER
550884,PER
378264,PER
2172,PER
505041,PER
378167,PER
529153,PER
500543,PER
13485,PER
1347282,PER
2384073,PER
1235848,PER
269362,PER
712971,PER
1423268,MISC
167179,LOC
842438,MISC
5606370,PER
2668843,PER
2507374,PER
9832,LOC
2411255,PER
1356320,PER
374838,PER
378513,PER
377182,PER
686893,PER
42292172,PER
216032,ORG
190916,ORG
2694024,ORG
113000,ORG
719648,PER
2533164,PER
2008017,PER
2545557,PER
434702,PER
966898,ORG
47050,LOC
132529,MISC
161810,MISC
270100,PER
268897,ORG
2907539,ORG
1949069,LOC
43433,LOC
18125,LOC
3345095,PER
9488,PER
3595676,ORG
3495259,ORG
600196,PER
3339082,ORG
181398,LOC
378628,LOC
1130017,MISC
723260,PER
3082524,PER
871904,MISC
3181702,PER
50783,ORG
43033,PER
151813,PER
83162,ORG
101547,PER
3755412,PER
1227804,PER
212286,PER
740718,ORG
510163,ORG
2568741,PER
534643,ORG
3110948,LOC
169247,LOC
1091051,ORG
190315,LOC
1276440,PER
153128,MISC
1064145,LOC
1975853,PER
1489,LOC
1322043,ORG
2496821,ORG
60158,LOC
2862975,ORG
188590,ORG
60123,LOC
123304,LOC
48278,LOC
155801,ORG
836,LOC
1015445,LOC
1185847,ORG
37995,LOC
415416,ORG
271790,MISC
1061510,MISC
160236,LOC
332285,MISC
191324,LOC
5806,LOC
7743519,ORG
398,LOC
12201444,ORG
128911,PER
1132126,ORG
216393,ORG
1176995,MISC
244411,ORG
1395229,LOC
1147759,ORG
212938,LOC
35438,ORG
970706,PER
2081340,PER
223962,LOC
210703,ORG
3535944,ORG
362,MISC
3992,LOC
2105,PER
182822,LOC
200130,LOC
461307,LOC
8519,LOC
5523238,LOC
7403619,LOC
142900,ORG
331702,PER
27275,LOC
948574,ORG
317797,PER
52183,PER
1918837,LOC
1281480,ORG
6150696,ORG
496810,ORG
234814,PER
496302,PER
855,PER
25267,MISC
505917,ORG
2025256,LOC
23204,LOC
124739,LOC
1852556,ORG
82059,MISC
648666,ORG
153647,LOC
1059994,MISC
3198062,LOC
4706915,PER
3531341,PER
4773536,PER
3371905,PER
2381307,PER
504644,MISC
786625,PER
930974,PER
2054611,ORG
706028,PER
39121,LOC
219354,PER
552905,PER
155164,PER
558189,PER
1854659,PER
982121,PER
743209,PER
920396,LOC
1189313,PER
2907874,PER
3763849,PER
3535440,PER
983740,PER
2725694,ORG
473136,ORG
194387,LOC
172025,LOC
800,LOC
295438,PER
1042,LOC
6767760,PER
477833,LOC
638166,LOC
253414,ORG
1027,LOC
365548,LOC
254231,LOC
206350,LOC
328687,LOC
119322,LOC
3935,LOC
175309,LOC
235416,LOC
239520,LOC
464669,PER
945,LOC
387301,MISC
244728,LOC
270080,LOC
192828,LOC
477067,LOC
239535,LOC
3688,LOC
189948,LOC
459110,LOC
179075,ORG
2635183,ORG
274762,ORG
2635977,ORG
2634799,ORG
172969,ORG
223360,ORG
2473729,ORG
44296,ORG
935956,ORG
175687,ORG
2226128,ORG
838521,ORG
326156,ORG
750434,ORG
294676,PER
574625,ORG
4424623,PER
183288,MISC
677570,ORG
192253,ORG
162408,ORG
39877,ORG
841378,ORG
459218,ORG
572526,ORG
737727,ORG
209640,ORG
693909,ORG
1959567,ORG
750974,ORG
1356582,ORG
208406,ORG
851233,ORG
871743,ORG
144952,ORG
205732,ORG
244595,ORG
255296,ORG
326811,ORG
276346,ORG
162467,ORG
221671,ORG
194393,ORG
839313,ORG
425599,ORG
512476,ORG
329471,ORG
738886,ORG
724832,ORG
385518,ORG
849221,ORG
581423,ORG
2093314,ORG
206838,ORG
849949,ORG
1023532,ORG
845859,ORG
633223,ORG
503321,ORG
459090,ORG
768253,ORG
1023235,ORG
736937,ORG
670186,ORG
646596,ORG
1143000,ORG
745246,ORG
1480985,ORG
1023185,ORG
2005514,ORG
1280895,ORG
80955,ORG
1052781,ORG
38568,ORG
2314547,PER
174,PER
244754,MISC
83459,LOC
726080,LOC
210114,PER
80845,ORG
4361,LOC
80958,ORG
714354,PER
214940,ORG
910444,ORG
214978,ORG
151907,ORG
327172,ORG
324589,ORG
80899,ORG
215163,ORG
276533,ORG
318307,ORG
15799,ORG
218282,ORG
692646,ORG
1191661,ORG
783,LOC
3238,LOC
180187,LOC
236014,LOC
350398,PER
5014111,ORG
80987,ORG
17479,ORG
598834,ORG
3551,LOC
1051514,ORG
769827,ORG
1139095,ORG
1811426,ORG
1588638,ORG
1273,LOC
238102,PER
2626756,PER
160894,MISC
1852081,LOC
568610,LOC
42884,MISC
2437892,PER
182182,PER
269855,PER
229151,PER
272168,PER
53560,PER
744089,ORG
1563349,PER
232443,PER
457435,PER
2608986,PER
733,LOC
455239,PER
1097779,PER
259647,PER
239791,PER
84320,PER
265927,PER
7177366,PER
131120,PER
279690,PER
509960,PER
62208,PER
264544,PER
88793,PER
271734,PER
1982663,PER
258713,PER
225589,PER
3241386,PER
485902,PER
3473420,PER
54652,PER
264088,PER
1019,LOC
3050720,PER
221591,PER
296282,PER
615311,PER
468226,PER
232435,PER
229831,PER
260112,PER
289753,PER
73967,PER
4964749,PER
7860040,PER
6396302,PER
3218116,PER
1210151,MISC
6755962,PER
168880,PER
5366524,PER
6222378,PER
7838331,PER
5605589,PER
5066215,PER
2662050,PER
3025950,PER
6208128,PER
1147649,PER
1091432,PER
5296563,PER
314712,PER
455117,PER
352236,PER
34370,LOC
484534,PER
586381,PER
270075,PER
185389,PER
342401,PER
219657,PER
216917,PER
34658,PER
960744,PER
531135,PER
311046,PER
484909,PER
8682,ORG
485997,MISC
1492,LOC
8701,ORG
19819804,PER
382069,PER
508489,PER
7523417,MISC
4761479,PER
735048,PER
3525895,PER
5257544,PER
3520339,PER
3524453,PER
2849115,PER
3524434,PER
2735524,PER
1392178,PER
7153163,PER
3177366,PER
13119908,PER
26992,PER
3107289,PER
3525679,PER
3524970,PER
5180943,PER
3524916,PER
3524768,PER
10974679,PER
3889,LOC
936768,LOC
1223,LOC
6482239,ORG
3311985,LOC
42314,LOC
785,LOC
980296,PER
2145277,ORG
1132677,ORG
846570,MISC
188736,MISC
2363302,PER
190884,PER
672108,ORG
37736,LOC
2624119,PER
148220,ORG
236,LOC
167394,LOC
752521,ORG
278906,ORG
5060576,LOC
1451697,ORG
3070,LOC
200569,MISC
4854136,ORG
309374,PER
12585,MISC
1472068,LOC
171632,LOC
182137,LOC
806208,ORG
7257640,ORG
230498,LOC
37100,LOC
868671,LOC
1626518,ORG
15214531,ORG
1515558,ORG
508577,ORG
502239,ORG
363055,PER
1127848,PER
3692,LOC
842,LOC
268915,LOC
57298,PER
315587,PER
374365,LOC
12251169,ORG
11208,ORG
1400,LOC
1110029,PER
864117,ORG
579438,LOC
381113,PER
180688,MISC
23883,LOC
120233,ORG
186545,LOC
2022261,ORG
3343470,ORG
4654057,ORG
165972,LOC
1287886,PER
4279841,PER
790,LOC
848352,MISC
19673,PER
182788,PER
1185865,MISC
357676,PER
11201,ORG
174311,PER
7422126,PER
1209677,PER
443640,PER
9960,PER
1387214,PER
343960,PER
79015,PER
990985,LOC
3321458,PER
38022,LOC
1211,LOC
215946,MISC
8740,MISC
11223,ORG
16557,LOC
1649,LOC
8660,LOC
1977283,ORG
3066478,MISC
174747,ORG
215822,LOC
12892,ORG
1364746,LOC
2135,LOC
10901070,MISC
348789,ORG
1951,LOC
7580176,LOC
999654,LOC
642900,LOC
2220,LOC
4979671,ORG
9684,ORG
2034767,ORG
1283291,ORG
2001693,LOC
17109287,ORG
1010199,LOC
44564,LOC
166032,ORG
229671,PER
988739,LOC
6294,PER
241808,LOC
3439758,ORG
291539,MISC
1779056,ORG
2104662,ORG
728645,PER
295093,PER
314407,ORG
543332,PER
1138599,ORG
23482,ORG
1379752,PER
122880,ORG
806950,ORG
252004,ORG
2076111,PER
1672300,ORG
13646,ORG
815453,ORG
111980,PER
1067749,ORG
13580,LOC
3211911,ORG
673324,ORG
814982,LOC
721292,PER
657112,ORG
2922636,PER
396606,PER
704220,PER
462331,PER
192778,PER
6008589,LOC
6456104,LOC
559545,PER
684886,ORG
173491,MISC
155718,MISC
8709,LOC
4739364,ORG
505012,ORG
4986440,ORG
5174993,ORG
655874,LOC
7745361,ORG
7859527,LOC
5164426,ORG
193199,ORG
16995829,ORG
586220,MISC
2136977,ORG
1906161,ORG
272190,PER
432741,PER
1479,LOC
854376,MISC
157992,LOC
1347930,PER
691685,LOC
360970,PER
187304,MISC
2547918,ORG
125905,LOC
3108686,PER
310058,PER
6767473,PER
6828427,PER
4756511,PER
3529500,PER
7294910,PER
7460227,PER
19894014,PER
23240,LOC
6384360,PER
4226981,PER
1272524,PER
316823,PER
174595,PER
107269490,PER
2913295,PER
6766964,PER
1674141,PER
2119904,PER
6775644,PER
1674080,PER
6978901,LOC
6201739,PER
179364,PER
212434,MISC
469585,PER
232472,PER
748769,PER
456551,PER
270967,PER
455165,PER
443446,PER
2283377,PER
229474,PER
528326,PER
2308951,PER
237482,PER
458554,PER
233332,PER
262062,PER
447060,PER
6505230,PER
298644,PER
1081654,PER
434849,PER
3471919,PER
11680,PER
172132,PER
3471893,PER
233231,PER
455612,PER
54654,PER
297948,PER
229093,PER
455453,PER
3377586,PER
3514814,PER
440443,PER
1440864,PER
254340,PER
240695,PER
10129,PER
265490,PER
53546,PER
290398,PER
230815,PER
273481,PER
118791,PER
959217,PER
933291,PER
3108715,PER
1038979,PER
4760427,PER
3297958,PER
4796876,PER
3108240,PER
5018138,PER
8076863,PER
1187225,PER
2959890,PER
5442001,PER
3178736,PER
1072788,PER
53421,PER
159951,PER
317566,PER
706757,PER
313380,PER
98095,PER
2136108,PER
509505,PER
823040,LOC
754410,LOC
1057427,MISC
538425,PER
1399842,PER
253073,PER
1403210,PER
1682887,PER
1081656,PER
1384170,PER
2030640,PER
320754,PER
913643,LOC
318305,LOC
69345,ORG
1085085,PER
335195,ORG
25607,ORG
676948,PER
454923,PER
83261,MISC
365,LOC
9920,LOC
1401142,MISC
294446,LOC
317118,PER
6233,ORG
971798,PER
708549,PER
2320212,PER
490658,PER
1543894,ORG
652920,PER
643416,ORG
3589490,ORG
982069,PER
267142,PER
597113,PER
435066,PER
1752646,ORG
1541079,ORG
3561521,ORG
6825089,ORG
846626,ORG
1071853,ORG
4458741,ORG
138311,LOC
1408,LOC
380200,PER
437925,PER
1844,LOC
2397563,PER
6539546,PER
455972,PER
619505,LOC
313674,PER
1650400,PER
215812,PER
317807,PER
174615,PER
3007800,PER
717685,PER
358793,PER
952401,PER
316717,PER
527899,PER
703538,PER
5522843,PER
2720209,PER
703414,PER
4707357,PER
470729,PER
335831,PER
285579,PER
1373213,PER
607336,LOC
216545,MISC
11196,MISC
55758,PER
194443,PER
171228,PER
189575,PER
752435,ORG
835213,ORG
271966,PER
281218,PER
1770,LOC
153149,PER
194000,PER
738947,ORG
23183,LOC
13924,MISC
83285,LOC
35600,MISC
225301,LOC
34623,MISC
604515,PER
1845,MISC
1328247,ORG
1321,MISC
5172375,ORG
1533,LOC
3483363,ORG
506107,ORG
596688,LOC
1163225,ORG
175,LOC
970729,ORG
806186,ORG
1669473,PER
36233,PER
230578,PER
165210,PER
345487,PER
93330,PER
380980,PER
464555,ORG
5855019,PER
43934,LOC
74881,LOC
11736,LOC
463926,PER
596660,LOC
16963,LOC
4808284,PER
151729,PER
208377,PER
971,LOC
1045,LOC
1558,LOC
647127,LOC
2442580,PER
477577,PER
785671,PER
1160931,ORG
1428,LOC
242019,PER
1212,LOC
1207,LOC
485708,LOC
156006,LOC
166304,LOC
959425,LOC
955761,LOC
579020,LOC
6106,LOC
944507,LOC
168848,LOC
958596,LOC
157169,ORG
40026,PER
1109260,PER
188652,MISC
1621266,MISC
169889,ORG
313697,PER
1893430,ORG
1183,LOC
1345,LOC
122563,ORG
7350637,ORG
23239,ORG
26426,LOC
1787559,LOC
3448179,LOC
49158,LOC
73633,MISC
1125605,ORG
612621,ORG
1505649,ORG
2274634,LOC
388314,ORG
1374135,ORG
444172,ORG
1368909,ORG
7933587,ORG
3523784,ORG
323873,LOC
1068504,LOC
215277,LOC
1321770,ORG
627827,ORG
207432,PER
5283802,ORG
5277928,ORG
989,PER
372436,ORG
1356,LOC
333487,PER
734545,ORG
38799,ORG
711,LOC
200029,PER
983055,PER
814388,LOC
183303,LOC
506537,MISC
57816,ORG
216660,ORG
66616,LOC
242992,ORG
1266413,LOC
1922275,LOC
941901,LOC
2283203,LOC
652376,LOC
4805920,LOC
617987,LOC
200119,LOC
1287117,LOC
1648551,LOC
2426077,LOC
174381,PER
5704922,MISC
808908,ORG
2158383,PER
142811,LOC
3553025,ORG
1715,LOC
27585,ORG
156913,ORG
683794,ORG
159599,MISC
13116,LOC
3487910,ORG
1152008,ORG
136217,LOC
107401,LOC
42388,MISC
6043681,ORG
7311871,MISC
155644,MISC
41351,PER
863259,ORG
13124,ORG
49766,ORG
61939,ORG
1437973,ORG
152554,ORG
8691,LOC
8703,LOC
3183,LOC
3206,MISC
678,LOC
118863,PER
207756,LOC
193428,LOC
47846,PER
35765,LOC
1000,LOC
685248,ORG
172083,PER
929,LOC
20901295,ORG
213274,LOC
4799509,PER
11690,LOC
4722318,PER
11860,PER
368151,ORG
41329,LOC
260320,LOC
7425635,ORG
1989,LOC
279373,LOC
57243,PER
238219,PER
2992959,PER
441498,PER
252897,PER
96827,PER
1381745,PER
635408,PER
950490,PER
240042,PER
260251,PER
266307,PER
3336440,PER
3080361,PER
174578,PER
1778156,MISC
5147283,LOC
303654,PER
2114926,PER
7626384,PER
713568,PER
1174776,PER
713380,PER
2933361,PER
714708,PER
975225,PER
6767293,PER
716949,PER
1504469,PER
1345087,PER
7369498,PER
2208244,PER
4961131,PER
2211241,PER
1904465,PER
2061117,PER
85665,PER
495774,PER
83178,LOC
757046,ORG
44781,PER
514819,PER
1441670,PER
493672,PER
707392,PER
175467,PER
982417,PER
1138593,PER
774176,LOC
1905847,PER
1494932,PER
1471574,PER
466609,PER
524717,PER
1808103,PER
1369150,PER
670553,PER
955535,PER
498678,PER
573569,PER
666107,PER
689937,PER
462421,PER
717237,PER
350832,PER
33881,MISC
221948,ORG
545260,PER
2090826,PER
72259,LOC
2570025,LOC
206548,PER
294501,PER
21197,LOC
923715,PER
13002,PER
362555,PER
1009235,LOC
3495279,ORG
5295496,MISC
2813889,MISC
52679,PER
8544,LOC
52680,PER
11004140,PER
3528518,PER
79848,LOC
6840710,PER
1544896,PER
3568280,PER
448182,PER
3442064,PER
2420452,PER
1347463,ORG
486690,PER
11339601,PER
2895955,PER
1342,LOC
4704391,PER
5259220,PER
1145308,PER
3098626,PER
5267779,PER
6768158,PER
6769237,PER
1101104,PER
429733,PER
7822301,PER
4716641,PER
5640873,PER
3026100,PER
6258230,PER
4792814,PER
1053189,PER
11301188,PER
506299,PER
3147285,PER
363717,PER
3056393,PER
1079231,PER
3565811,PER
3185986,PER
725671,PER
3437048,PER
935555,PER
3002002,PER
81725,LOC
17156287,LOC
3269729,PER
7988197,ORG
1423651,MISC
1706956,LOC
281268,PER
585149,ORG
982650,PER
7149006,PER
3526749,PER
5261902,PER
681723,PER
3525432,PER
11776418,PER
4964743,PER
2723803,PER
4757351,PER
7144060,PER
3521562,PER
3345532,PER
3525818,PER
5226273,PER
1132627,ORG
912247,ORG
766443,ORG
459392,PER
336331,PER
719333,PER
3332248,PER
3162855,PER
2920788,PER
1067663,PER
1710304,PER
477498,PER
719350,PER
2278396,PER
2468781,ORG
206585,ORG
2129100,ORG
2259417,ORG
1130537,ORG
49711,ORG
455991,ORG
1632362,ORG
203273,LOC
2907592,PER
1514249,MISC
928137,PER
590811,PER
179334,PER
189587,PER
316809,PER
115119,PER
545700,PER
187125,PER
342223,PER
62227,PER
5756,LOC
164027,LOC
189686,PER
2030515,PER
354700,PER
744556,PER
2693,ORG
2739,ORG
2798,ORG
756060,MISC
6703,ORG
174614,PER
345026,PER
2256397,PER
2674,ORG
449873,PER
294259,PER
6664,ORG
759482,ORG
5775768,ORG
287695,ORG
459794,ORG
1886,ORG
13391,ORG
2074,ORG
1457,ORG
297680,ORG
16344,ORG
316229,PER
453242,PER
577885,PER
1901472,PER
13385,ORG
289707,ORG
298333,ORG
56542463,ORG
1893,ORG
2768,ORG
2609,ORG
6641,ORG
8639,ORG
2710,ORG
289482,ORG
2641,ORG
2037,ORG
1349814,ORG
713661,PER
1223422,PER
113156,PER
45901,PER
223843,PER
469243,PER
125669,PER
1009,LOC
47774,LOC
311027,PER
164089,LOC
193431,LOC
307940,PER
1367655,PER
818107,PER
804,MISC
553353,PER
2212041,PER
1370787,PER
2732908,PER
453453,PER
219771,PER
29508250,PER
2452551,PER
52651,PER
8150,MISC
435898,PER
378810,PER
3529693,PER
3522450,PER
3349304,PER
470772,PER
2849991,PER
3531918,PER
3522536,PER
3568426,PER
2737023,PER
3520984,PER
2757591,PER
3527922,PER
2722025,PER
561487,PER
2723880,PER
2722268,PER
7244980,PER
1619845,LOC
273051,PER
245807,MISC
1726,LOC
16558,LOC
1746026,LOC
7050591,MISC
864338,ORG
152051,ORG
563556,ORG
1851162,MISC
1074758,ORG
5425268,ORG
6768514,PER
6831363,PER
25395,LOC
6264636,PER
53536,ORG
1105695,ORG
973684,LOC
211109,PER
1097238,MISC
81752,PER
71092,MISC
7721,PER
518332,LOC
816,ORG
2791,PER
49297,MISC
549005,PER
186264,PER
377294,MISC
193417,MISC
76807,PER
7191,MISC
80621,PER
208094,MISC
72229,PER
632718,MISC
227856,LOC
122909,ORG
150747,PER
154946,PER
15981,PER
933000,LOC
49325,PER
1339,PER
8438,MISC
180748,PER
221956,MISC
16957,LOC
1316014,MISC
128790,PER
830561,PER
233591,MISC
28517,PER
41370,PER
1753957,MISC
72891,LOC
7113937,MISC
2033167,ORG
9531,ORG
281871,PER
200028,LOC
79990,LOC
133073,LOC
1143797,LOC
289693,LOC
168360,ORG
3832,LOC
235411,LOC
330148,LOC
27971,LOC
2004274,ORG
23368,PER
1008,LOC
1515,LOC
357779,PER
852266,ORG
607939,PER
1044,MISC
3780,LOC
5464168,LOC
1141973,ORG
297057,PER
324899,PER
461668,PER
49090,PER
4671154,ORG
750423,LOC
2232569,PER
1799,LOC
264490,PER
154008,ORG
741296,ORG
527341,ORG
1344438,MISC
1636892,ORG
463881,MISC
102673,ORG
1477022,ORG
1477012,ORG
329347,ORG
1344909,ORG
133255,MISC
295367,LOC
34739,LOC
2002383,PER
1166062,PER
2663832,MISC
365427,PER
939021,ORG
38768,PER
583268,ORG
407199,LOC
339033,ORG
2281470,MISC
6973859,ORG
490434,LOC
928670,ORG
193426,PER
49085,MISC
714909,PER
23505,PER
1548512,LOC
749718,ORG
726501,MISC
640652,ORG
2297417,LOC
16568,LOC
465952,ORG
805,LOC
6841333,MISC
199841,LOC
1998401,LOC
924,MISC
186525,PER
380916,PER
963,LOC
1138913,PER
6371922,PER
70,LOC
36378,LOC
795473,ORG
287471,ORG
13709,ORG
372657,ORG
34413,PER
57373,PER
134068,PER
799577,ORG
163239,LOC
185458,LOC
1265113,ORG
129053,LOC
649343,ORG
4832062,PER
29560723,ORG
207351,MISC
2003549,ORG
1061,LOC
1435144,LOC
1445,LOC
470875,PER
186299,LOC
7171323,LOC
1731,LOC
156578,ORG
216754,MISC
1935856,PER
171240,ORG
8766,ORG
1125638,ORG
2385849,LOC
333101,ORG
151139,LOC
206008,MISC
1974503,ORG
11959,LOC
8692,LOC
8717,LOC
8818,LOC
13955,MISC
5776,LOC
425281,LOC
1189483,PER
127998,PER
5297642,PER
168225,LOC
29427,PER
2612487,ORG
38484,PER
620742,LOC
417832,LOC
1431423,ORG
79917,LOC
1086573,LOC
884986,PER
48340,ORG
5295353,ORG
5384639,ORG
1641851,ORG
250463,ORG
271717,PER
2090,LOC
980,MISC
1711,LOC
365590,PER
235,LOC
1160471,PER
3760113,ORG
185025,PER
233966,PER
3910,PER
3925,PER
45240,LOC
1202,LOC
758603,ORG
537781,ORG
459226,PER
1754,LOC
217659,ORG
853762,LOC
223153,ORG
203934,ORG
336488,ORG
312013,PER
660261,ORG
10601542,ORG
836945,ORG
2402133,LOC
4936418,LOC
36074,MISC
34932,LOC
34366,LOC
999109,LOC
125378,LOC
18,LOC
379232,PER
39464,PER
424,LOC
369942,PER
968067,LOC
201028,ORG
1850,LOC
317288,MISC
5990040,PER
10859501,LOC
1322605,ORG
130700,ORG
130854,PER
232595,ORG
835109,ORG
131077,PER
40956,LOC
782,LOC
844490,ORG
1674139,ORG
21892,ORG
1198574,ORG
7850,MISC
5238688,ORG
16923488,ORG
50009,ORG
5705,MISC
506978,ORG
6496310,LOC
253338,ORG
273866,PER
12837,ORG
321368,PER
1863922,PER
1748,LOC
52847,ORG
180445,ORG
49989,MISC
2713276,PER
2271777,PER
1291179,PER
951788,PER
2178297,PER
7149015,PER
145845,LOC
529118,PER
505731,PER
453833,PER
708850,PER
2061980,PER
809215,PER
1128054,PER
489138,PER
923291,PER
213590,PER
197050,LOC
9775,LOC
1166734,PER
66229,PER
609877,PER
255482,PER
7082616,PER
162148,PER
446353,PER
3535574,PER
3349931,PER
1284346,LOC
2256,LOC
1526209,PER
583854,ORG
450980,PER
2378197,LOC
5177658,LOC
1337792,LOC
7270061,LOC
5177654,LOC
448009,PER
3590223,ORG
945016,LOC
433258,PER
16642,MISC
8488,MISC
444295,PER
327100,LOC
270682,LOC
3467302,PER
1351907,PER
1269063,ORG
3610466,PER
542412,PER
7704831,PER
990430,LOC
6247034,PER
5293703,PER
6292463,PER
6129283,PER
7297425,PER
2609164,PER
3018541,PER
3186496,PER
25720,PER
7331469,PER
3041984,PER
2410775,PER
2422798,PER
745296,LOC
11299,LOC
7364563,PER
5604663,ORG
5407207,ORG
3518920,PER
605416,PER
1376903,PER
2426477,PER
3022294,PER
1681685,MISC
436139,PER
918808,PER
346602,PER
128323,LOC
318850,PER
987930,PER
2831161,PER
33959,LOC
173360,PER
17151,LOC
23276,LOC
6306271,PER
3838,LOC
130625,LOC
488326,LOC
130566,LOC
344651,LOC
164535,PER
7816294,PER
316292,PER
29574,PER
57350,PER
1576278,ORG
3223649,ORG
231517,LOC
827047,LOC
1700735,PER
47139,PER
131127,LOC
26769,PER
1246,LOC
994245,LOC
3593826,LOC
278216,LOC
657461,LOC
44754,LOC
1507630,ORG
949699,ORG
34110,LOC
207935,LOC
4672179,LOC
5779179,ORG
194019,ORG
3587,ORG
519138,ORG
39517,LOC
720441,PER
30999,ORG
6501380,MISC
701841,PER
1068511,PER
1127756,ORG
188653,PER
221447,LOC
1333077,LOC
69103,PER
463009,PER
230733,PER
159288,LOC
3389022,ORG
49117,ORG
1036056,ORG
899122,ORG
1009458,ORG
49,MISC
7727322,ORG
18389,LOC
1140073,LOC
1189467,LOC
139564,LOC
44473,PER
268018,PER
281518,PER
221626,ORG
778412,MISC
211374,ORG
47716,LOC
370972,LOC
1706651,ORG
11218,MISC
13974,ORG
506325,ORG
273724,MISC
647,ORG
160199,LOC
12553,LOC
1178770,ORG
1250417,LOC
1640079,LOC
59705,ORG
7635291,ORG
3072525,ORG
3049021,LOC
1897630,ORG
15982510,ORG
7522150,ORG
2508257,LOC
1159,LOC
3426990,LOC
17004494,MISC
1191330,LOC
16554,PER
192517,LOC
26777,LOC
16553,LOC
5644255,ORG
7119723,ORG
334204,ORG
49219,LOC
382890,ORG
216708,PER
193459,PER
229920,PER
2205753,ORG
919646,ORG
506160,ORG
502316,ORG
7032550,PER
1155740,ORG
6276850,ORG
134411,LOC
83280,MISC
18097,MISC
19786,MISC
2829196,ORG
3407496,LOC
446778,PER
3194570,ORG
164746,ORG
155223,ORG
223151,PER
361909,MISC
1088122,LOC
18438,LOC
6083013,LOC
1053145,ORG
8676,MISC
91,PER
9212,ORG
511964,LOC
6265076,PER
1472347,ORG
34836,PER
470125,ORG
168000,ORG
81931,MISC
7887679,ORG
308439,ORG
989282,LOC
40104,ORG
713235,PER
1440784,ORG
3389720,LOC
1518496,ORG
216047,ORG
572203,LOC
1903,LOC
1460,MISC
1994077,PER
133315,LOC
1449,ORG
12199,MISC
25322,MISC
25923,LOC
690333,LOC
3152508,ORG
271783,LOC
843315,LOC
40840,LOC
2421561,ORG
23317,ORG
3004,LOC
120755,LOC
1186424,ORG
7959913,LOC
206687,LOC
2038986,ORG
988284,ORG
321772,ORG
626409,ORG
571116,LOC
3586,MISC
6003122,PER
204853,LOC
1046748,LOC
722785,ORG
277470,ORG
319642,ORG
789966,ORG
4200716,MISC
1259273,ORG
287076,ORG
55637,PER
873450,ORG
702718,MISC
370316,PER
640506,ORG
455401,PER
193635,PER
251231,LOC
303033,LOC
1812121,LOC
876482,PER
326031,PER
185350,LOC
809009,LOC
946297,LOC
356392,PER
1210940,PER
441273,PER
3516063,PER
61161,PER
284440,PER
7405083,PER
586555,PER
864672,MISC
713494,PER
42601,PER
238,LOC
50195,LOC
436025,PER
1383322,PER
382211,PER
708019,PER
249447,PER
1360222,PER
934327,PER
461580,PER
1334813,PER
4933296,PER
4954949,PER
170566,LOC
130582,LOC
234600,LOC
369539,MISC
272097,LOC
487321,LOC
1659177,PER
157894,MISC
729592,MISC
1365312,PER
582606,PER
5679524,PER
1188632,PER
235910,LOC
206828,LOC
543842,LOC
657451,LOC
1421525,PER
113135,LOC
1024926,LOC
209725,LOC
16640,MISC
1152349,PER
3156103,PER
28552884,PER
3081020,PER
742960,PER
2939177,PER
3297752,PER
3339894,PER
2832802,PER
2308310,PER
331953,PER
957989,PER
380700,PER
2427349,PER
583806,PER
495816,PER
2213316,PER
1208375,PER
495796,PER
2169355,PER
7685767,PER
6399313,PER
330899,LOC
1453654,MISC
3167097,PER
88242,PER
1186577,PER
4413243,PER
5363191,PER
643883,LOC
3528762,PER
5106066,PER
5181469,PER
16197357,PER
16199397,PER
6968870,PER
5106801,PER
380445,PER
7518640,PER
1848759,PER
353520,PER
5411943,MISC
457376,ORG
819694,ORG
1419876,ORG
2049524,ORG
1139737,ORG
916967,ORG
643795,ORG
54900,ORG
597364,ORG
739287,ORG
4089,ORG
54893,ORG
264461,ORG
707832,ORG
483738,ORG
274566,ORG
36264,ORG
54930,ORG
1139271,ORG
1173922,PER
3162966,PER
807749,ORG
3013095,PER
3358996,PER
822877,LOC
622443,ORG
1403952,PER
599903,LOC
3528697,PER
3531920,PER
7051494,PER
27938233,PER
2837676,PER
3116311,PER
981948,PER
1720081,PER
1168182,PER
5210548,PER
1024900,LOC
3002051,PER
3016509,PER
1071691,LOC
3339789,PER
19927236,PER
3180173,PER
3528646,PER
3368542,PER
3019005,PER
3017962,PER
26991296,PER
8072002,MISC
2337839,PER
2470314,PER
612279,PER
16195117,PER
2452459,PER
2463592,PER
16211880,PER
2929354,PER
2752141,PER
2188375,PER
188568,LOC
168397,LOC
539072,PER
3560510,PER
926512,PER
1195647,ORG
359484,PER
372939,PER
1333942,PER
1159141,PER
265055,PER
588908,PER
29062,PER
189892,PER
313205,PER
704268,PER
386973,PER
433666,PER
910412,PER
719622,PER
519523,PER
202877,PER
912881,MISC
3349761,MISC
5605307,PER
555240,PER
1101987,PER
967484,PER
3107260,PER
3537597,PER
5040337,PER
3007862,PER
330136,LOC
2470981,MISC
40191,LOC
1133545,ORG
1136066,ORG
1134044,LOC
3017555,PER
7491013,PER
6829846,PER
856393,LOC
2735589,PER
7495466,PER
7349553,PER
3763931,PER
6313384,PER
16214515,PER
6390973,PER
7360273,PER
1507281,MISC
3125978,LOC
1241274,PER
973256,PER
2365813,PER
958235,PER
725831,PER
468400,PER
265153,PER
275158,PER
448676,PER
464589,PER
6634155,LOC
4783172,ORG
1215892,ORG
830968,LOC
131206,ORG
194121,LOC
193643,ORG
281504,ORG
756394,LOC
204623,ORG
192083,LOC
192081,LOC
204627,ORG
188984,ORG
194369,LOC
201864,ORG
728811,MISC
194116,ORG
208652,LOC
209636,ORG
207735,LOC
203384,ORG
206312,ORG
834546,LOC
206297,LOC
205973,LOC
206381,LOC
194126,ORG
192751,ORG
188143,ORG
203008,LOC
1215884,ORG
219714,ORG
193753,ORG
600273,PER
14950053,PER
353566,PER
2631300,PER
43196,LOC
204862,ORG
212654,ORG
219602,ORG
213837,ORG
726220,PER
14950055,PER
7271255,PER
6394814,PER
223243,LOC
1380003,PER
7847024,PER
1147480,PER
3072622,PER
638908,LOC
169138,ORG
131364,ORG
161337,ORG
169165,LOC
138089,ORG
131371,ORG
572134,ORG
128109,LOC
169661,ORG
162990,ORG
159893,LOC
172339,ORG
169637,ORG
170329,ORG
132880,ORG
161345,LOC
170649,ORG
170558,ORG
132893,LOC
162954,LOC
159729,ORG
165529,ORG
206201,LOC
235326,LOC
121783,ORG
167253,ORG
976396,ORG
157376,ORG
166105,ORG
164177,ORG
193390,LOC
223514,ORG
272223,ORG
223511,LOC
276539,ORG
223522,ORG
17015216,ORG
5870124,LOC
221878,LOC
224164,LOC
190618,ORG
221150,ORG
205033,LOC
271880,LOC
320476,LOC
337758,LOC
330120,ORG
272059,ORG
172435,LOC
223507,ORG
320484,LOC
191477,LOC
271805,ORG
25478,PER
1868747,MISC
7080909,ORG
109179,ORG
5916446,LOC
582280,MISC
4791426,ORG
7934612,ORG
4873332,PER
6300935,PER
6160108,PER
6984693,ORG
553321,PER
184362,PER
2702339,PER
10380241,PER
793740,PER
202193,PER
644323,PER
310519,PER
435065,PER
318266,PER
1278911,PER
951412,PER
696794,MISC
317298,PER
316733,PER
271574,ORG
10504873,PER
697353,ORG
27975104,PER
4053147,PER
189217,PER
11576,PER
295456,PER
396835,PER
342808,PER
456326,PER
943194,PER
429039,PER
205499,PER
20057753,PER
222789,PER
1333238,PER
122329,PER
311200,PER
1839,PER
8723,ORG
8687,ORG
10315,ORG
10319,ORG
12236,ORG
10300,ORG
10333,ORG
8749,ORG
216661,ORG
8780,ORG
12278,ORG
10308,ORG
10329,ORG
929753,ORG
11963,ORG
732742,ORG
299413,PER
347402,PER
207358,PER
651988,ORG
36008,MISC
352241,PER
1359619,PER
530620,PER
1541244,PER
738873,PER
3740398,PER
378583,PER
171295,PER
561227,PER
318387,PER
250093,PER
20110,PER
189535,PER
511092,PER
350452,PER
718471,PER
102027,PER
126503,PER
624,PER
313518,PER
48330,PER
2093651,PER
2460347,PER
192035,PER
42255,PER
2292016,PER
8036002,MISC
42406,MISC
729768,MISC
2096887,LOC
554131,PER
654444,ORG
174438,PER
33946,MISC
447452,PER
1191165,ORG
170217,MISC
266582,ORG
299152,PER
897108,PER
83404,LOC
173591,LOC
2102332,LOC
946418,LOC
57434,PER
14960,LOC
7416,PER
969021,MISC
2763,MISC
13850128,ORG
180855,ORG
113215,ORG
2017377,ORG
7565435,ORG
11977,ORG
319014,ORG
854383,ORG
2305438,ORG
10686,LOC
175284,ORG
5156322,ORG
333030,PER
7079218,ORG
208046,ORG
7403797,ORG
530296,LOC
9559,PER
9626,ORG
6248624,PER
169101,LOC
28782856,ORG
939049,LOC
3307163,ORG
795009,ORG
2511292,ORG
34116,LOC
712863,ORG
156238,ORG
27222,LOC
109676002,ORG
368275,MISC
455657,LOC
1785405,ORG
1227,LOC
34804,LOC
117,LOC
7124874,ORG
6404433,ORG
795396,LOC
604334,PER
135547,PER
5302139,PER
222279,LOC
270225,LOC
146723,LOC
49330,ORG
7961956,LOC
3929,LOC
132551,ORG
219728,PER
1951094,PER
965,LOC
314524,PER
1165330,MISC
57324,PER
912,LOC
5140350,MISC
165956,LOC
211055,LOC
1228,PER
237,LOC
953174,ORG
1284261,ORG
6563,LOC
378027,PER
41644,MISC
1143350,PER
30487,PER
460767,LOC
316526,PER
828392,ORG
192926,LOC
12560,MISC
1420164,ORG
47099,ORG
52535,LOC
54108,LOC
273014,LOC
12630,LOC
430265,LOC
58731,LOC
80252,LOC
46422,LOC
80007,LOC
80245,LOC
2887,PER
4294804,ORG
234001,PER
9310,LOC
574,LOC
11665,PER
42200,LOC
997767,LOC
6037306,LOC
1185947,ORG
8048626,ORG
36740,PER
849603,ORG
194161,PER
7825,ORG
54129,ORG
1482196,PER
1138589,ORG
2648073,PER
7768,ORG
921,LOC
7375801,ORG
6881495,ORG
1077694,ORG
586575,PER
929554,ORG
798186,ORG
2700625,PER
51691,LOC
1414375,LOC
33486,LOC
638053,ORG
37043,LOC
9458,PER
3001105,ORG
39709,LOC
94928,LOC
558436,ORG
5723370,LOC
1066823,ORG
1071867,ORG
49239,LOC
51685,LOC
16567,LOC
2843064,ORG
38280,MISC
4227301,MISC
17504,MISC
38358,MISC
1254,PER
130523,PER
1025,LOC
454785,PER
331201,PER
1032,LOC
282519,PER
10282,LOC
209546,ORG
23559,PER
285543,PER
662849,ORG
47583,PER
19616,LOC
43252,PER
923353,ORG
315796,PER
44269,PER
1307223,MISC
10230,ORG
7645325,PER
186040,LOC
160213,PER
2920164,MISC
3128801,LOC
1425428,LOC
181557,LOC
493616,MISC
1158897,LOC
9630,ORG
7795,ORG
392250,MISC
271889,PER
48335,LOC
3506282,LOC
184587,LOC
584102,LOC
519825,PER
2021591,ORG
8681,ORG
7010145,ORG
946293,PER
23430,LOC
6030890,ORG
17089784,ORG
308893,LOC
3894,LOC
33788,LOC
16204,LOC
131964,MISC
641,LOC
128,ORG
233637,LOC
792,LOC
166637,ORG
6244782,PER
771734,ORG
223200,MISC
4777232,PER
25869,MISC
332314,PER
1660170,PER
15525018,PER
2660943,ORG
7644956,ORG
180059,ORG
204716,ORG
1396178,PER
1048192,ORG
180383,PER
2280893,ORG
14946875,PER
4932666,PER
1003684,PER
3258,MISC
242654,PER
464535,LOC
1855448,ORG
189633,LOC
15176,LOC
59261,ORG
1329619,ORG
5531667,ORG
1250245,ORG
3899,LOC
1850198,PER
6040758,ORG
738236,ORG
211260,LOC
231318,LOC
7825137,MISC
747987,LOC
982,MISC
101341,LOC
257484,MISC
1344963,MISC
259022,PER
61134,PER
254335,PER
450072,PER
9577,PER
61569,PER
223052,PER
78573,PER
446399,PER
239215,PER
253751,PER
291036,PER
233498,PER
237477,PER
234886,PER
6107877,MISC
647103,LOC
281917,ORG
1792191,PER
4936042,PER
2965160,PER
6385766,PER
10993,PER
2900071,PER
278420,LOC
10101,PER
68891,PER
455475,PER
2006,PER
447125,PER
26515,LOC
855631,MISC
2005710,PER
511386,PER
189408,PER
277473,PER
57861,PER
1378966,PER
457059,PER
435307,PER
437532,PER
439159,PER
268400,PER
913071,PER
368984,PER
9651,MISC
200852,PER
2292560,PER
1343097,PER
2629984,PER
436724,LOC
969723,LOC
2451272,PER
8045119,PER
3510084,PER
11723926,PER
7922392,PER
449882,PER
7451960,PER
676196,PER
2630019,PER
92790070,PER
15630792,PER
7155735,PER
3787389,PER
2451801,PER
2451359,PER
66568,LOC
2038289,PER
5126834,PER
1498,LOC
3051958,MISC
5386122,PER
1336822,PER
941480,PER
460895,PER
4962773,PER
933859,PER
207999,LOC
74804,MISC
709877,PER
353613,PER
45110,PER
61703,PER
16846,PER
404703,PER
343346,PER
16991,PER
947850,PER
542821,PER
453622,PER
143692,MISC
2443362,PER
1047201,PER
2382145,PER
483827,PER
467703,PER
463468,PER
273505,PER
471408,PER
491104,PER
707513,PER
203122,LOC
2063471,LOC
2903623,PER
312659,PER
7154490,PER
500940,PER
1181147,PER
212854,PER
2538027,PER
705988,PER
5552660,PER
452418,PER
2607982,PER
44655,PER
312595,PER
317803,PER
192175,PER
2562240,PER
975790,PER
10592,PER
202153,PER
363769,PER
344989,PER
2007987,ORG
840567,ORG
779835,ORG
168660,ORG
1130432,ORG
244472,ORG
1108181,ORG
1364853,MISC
7300545,ORG
3567951,ORG
810786,ORG
1149835,LOC
745758,ORG
1193020,ORG
3356673,ORG
3567426,ORG
917973,ORG
2932851,ORG
842510,ORG
1517603,ORG
3875619,ORG
82216,ORG
5315784,ORG
654755,ORG
2925165,ORG
841966,ORG
1521270,ORG
7838651,ORG
1127985,ORG
894098,ORG
3566734,ORG
11775912,PER
5239264,PER
863076,PER
5106833,PER
3147261,PER
6385251,PER
7143751,PER
9641,ORG
168675,PER
365731,PER
921039,PER
3590280,ORG
3339743,PER
299391,PER
46347,PER
1181137,PER
713078,PER
9354,PER
47067241,PER
312148,PER
3877698,PER
234576,PER
527691,PER
526714,PER
387740,PER
3153884,ORG
9448,MISC
2302524,PER
308822,MISC
930661,ORG
1328766,ORG
7996060,ORG
9176152,ORG
18293,ORG
2585894,ORG
18528,ORG
894605,ORG
5212656,ORG
9426,ORG
4094837,ORG
7633536,ORG
4805012,ORG
7015235,ORG
4954772,PER
186262,MISC
390598,ORG
2865918,PER
4926016,PER
733564,PER
660883,PER
5998382,PER
384329,PER
2460873,PER
441375,PER
5396030,PER
441400,PER
388080,PER
321650,PER
441695,PER
5246258,PER
6501600,PER
5981763,PER
483065,PER
5714052,PER
4261333,PER
2424939,PER
737714,ORG
223728,ORG
986529,ORG
359830,PER
745984,MISC
163480,ORG
883425,ORG
203013,ORG
192890,ORG
440741,PER
1494515,PER
364739,PER
72828,PER
237964,PER
1982869,PER
221927,ORG
163547,LOC
134202,MISC
171583,PER
6827914,PER
5591359,LOC
6836032,PER
6766945,PER
5105685,PER
7151607,PER
6584108,PER
665489,LOC
989616,LOC
135872,LOC
23154,LOC
725151,MISC
4971183,ORG
716658,LOC
3047556,LOC
34217,LOC
312143,PER
186276,LOC
2175909,LOC
2628891,LOC
296215,PER
519125,PER
4122941,LOC
471571,PER
3306,LOC
114355,PER
67320,PER
912478,MISC
142656,PER
786705,MISC
6176140,PER
37836,LOC
1776498,MISC
4976119,LOC
7048193,PER
2653802,PER
330249,PER
1688112,PER
6984132,PER
3057435,PER
6848981,PER
2146908,PER
1384523,PER
506891,PER
6387704,PER
6183869,PER
2267400,PER
2019867,PER
4964023,PER
2388111,MISC
4757861,PER
2819529,MISC
680171,MISC
2445660,MISC
259776,MISC
260944,PER
342457,PER
3308230,PER
1410305,PER
1347471,PER
67853,PER
73217,PER
66777,PER
928080,PER
794380,PER
60671,PER
264937,PER
521562,PER
68145,PER
353988,PER
2409956,PER
211408,PER
2846473,PER
231979,PER
258401,PER
533775,PER
126217,PER
241062,PER
521144,PER
977030,PER
142756,PER
5387625,PER
272669,PER
453206,PER
436885,PER
457614,PER
447909,PER
1729463,PER
463892,PER
309956,PER
1389882,PER
535101,PER
511456,PER
317673,PER
2330636,PER
378719,PER
446872,PER
262927,PER
2033695,PER
721019,PER
125869,PER
364335,PER
458527,PER
975091,PER
438487,PER
242087,PER
2662657,PER
3572253,PER
182068,MISC
925015,PER
921826,PER
1158,ORG
3072417,MISC
1238163,PER
721909,PER
183108,PER
3052298,PER
3520028,PER
5225020,PER
39473,MISC
168844,ORG
806703,ORG
49236,LOC
773449,MISC
3152801,ORG
1374984,MISC
2289022,ORG
6503830,PER
1023912,ORG
989919,LOC
697311,ORG
44016,ORG
667865,ORG
2633007,LOC
126579,LOC
1561771,ORG
217475,ORG
193682,ORG
530220,PER
79031,PER
1342646,PER
815571,LOC
1999000,LOC
1371488,PER
147756,LOC
183848,PER
791287,LOC
594610,LOC
2280,LOC
2866,PER
4121877,LOC
161750,LOC
9365,LOC
213624,ORG
83286,LOC
2498810,PER
4078091,LOC
31230,MISC
851259,MISC
171357,LOC
2940775,LOC
160318,PER
381817,PER
57788,PER
11708,MISC
2895624,PER
19878,PER
216045,LOC
116430,PER
40816,LOC
49216,PER
1074621,LOC
242345,ORG
503577,ORG
230492,ORG
79861,LOC
744108,PER
3337010,ORG
5152411,ORG
4647781,ORG
7061445,ORG
2882621,ORG
5452612,ORG
1740314,ORG
49075,PER
220222,ORG
1581794,MISC
211087,MISC
3773752,LOC
11672,PER
2986784,ORG
3369894,ORG
25173,MISC
131005,ORG
46280,LOC
2965058,PER
585613,LOC
749,LOC
2605555,ORG
3766,LOC
4700701,ORG
9288,MISC
775087,LOC
6837626,ORG
7298901,PER
3274340,ORG
207770,ORG
1023763,ORG
42651,LOC
118199,PER
313449,PER
208489,ORG
36600,LOC
447079,PER
244165,LOC
2268915,ORG
845396,LOC
52618,ORG
15175,LOC
1665681,MISC
4405665,ORG
59938,ORG
83737,ORG
193552,LOC
35349,ORG
2278575,ORG
764900,LOC
43194,LOC
1763931,LOC
5061480,ORG
5238486,PER
8757,LOC
8760,ORG
2176725,PER
342989,PER
208143,LOC
191406,LOC
180845,LOC
2277185,LOC
651714,LOC
10460748,PER
4540,LOC
2693197,PER
2185257,PER
174512,LOC
840631,LOC
344759,PER
395488,PER
9795,LOC
9783,LOC
910991,PER
436450,PER
276226,PER
433558,PER
468029,PER
1823846,PER
1851978,PER
66499,PER
702880,PER
263872,PER
7982648,PER
1849446,PER
17943,LOC
3107002,PER
5066322,PER
6838772,PER
3297806,PER
1702371,PER
7358771,PER
276901,PER
2924902,PER
956921,MISC
1349939,LOC
7808412,PER
372506,PER
3297161,PER
1166727,PER
6196425,PER
382303,PER
7292489,PER
7172035,PER
326992,PER
6397600,PER
3082840,PER
3127575,PER
3038277,PER
5220873,PER
17042,LOC
5229975,PER
462481,PER
4984870,PER
7812689,PER
11321326,PER
16214107,PER
39955,PER
6846796,PER
3531344,PER
7804020,PER
5228825,PER
1201283,ORG
928517,ORG
1521264,ORG
1144887,ORG
2366481,ORG
1000020,ORG
545303,PER
214513,PER
354264,PER
296992,PER
2907639,PER
3200986,PER
3219089,PER
518014,PER
1001935,ORG
832052,MISC
173188,PER
171519,PER
172255,PER
962247,PER
555824,PER
706579,PER
719173,PER
62392095,PER
171471,PER
705516,PER
223748,LOC
2096,LOC
83335,ORG
3760208,PER
2718609,PER
182081,LOC
2848016,PER
3132839,PER
3293985,PER
3087955,PER
3198147,PER
693345,PER
3161007,PER
3098492,PER
2830436,PER
239018,ORG
387381,ORG
311171,PER
342375,PER
1953,LOC
763126,PER
160826,LOC
189322,LOC
1773,LOC
1379017,PER
351934,PER
186252,LOC
186914,LOC
3645465,PER
5224898,PER
1135111,ORG
5605847,PER
1972679,PER
955324,MISC
206984,MISC
72523,LOC
1619662,LOC
815508,LOC
1849426,LOC
551743,LOC
1619760,LOC
1450563,LOC
1683279,LOC
54527,PER
301938,LOC
34713,LOC
11751,LOC
164134,LOC
188228,LOC
1340549,PER
956696,PER
3420530,PER
721948,PER
3021671,PER
3176572,PER
5224891,PER
3530292,PER
4912127,PER
3453949,PER
943668,PER
948508,PER
6292451,PER
10329950,PER
11311626,PER
6848275,PER
6778293,PER
7491338,PER
7172005,PER
3438072,PER
8076685,PER
4961469,PER
7817149,PER
4706162,PER
7297736,PER
5386033,PER
3476696,PER
182736,PER
1355898,PER
830940,ORG
3286889,PER
873853,PER
701256,PER
691814,PER
353678,PER
497987,PER
700139,PER
257492,PER
582012,PER
386808,PER
701244,PER
1222663,PER
499822,PER
1562696,PER
160403,PER
525909,PER
2276892,PER
7787798,PER
513921,PER
465095,PER
706113,PER
705879,PER
248472,PER
8114871,PER
743239,ORG
547054,PER
217482,PER
918525,PER
1835,PER
967902,PER
314328,PER
180326,PER
1883,PER
44073,PER
286511,PER
508711,PER
606255,PER
934848,PER
316222,PER
449624,PER
891694,PER
473715,PER
439918,PER
207644,PER
709415,PER
903831,PER
707529,PER
27975907,PER
730518,PER
542031,PER
166776,LOC
483856,LOC
1337051,PER
746579,PER
559311,PER
1939474,PER
723383,PER
1366156,PER
660534,PER
944236,PER
374970,PER
2711451,PER
2649194,PER
581740,PER
1339912,PER
981579,PER
2042537,PER
577343,PER
1378770,PER
919232,PER
435749,PER
317612,PER
1378780,PER
1439300,PER
708808,PER
192974,PER
1383571,PER
1342019,PER
362322,PER
7351627,PER
19927489,PER
6135816,PER
15212201,LOC
16882052,PER
158870,ORG
150880,MISC
819382,ORG
504628,ORG
12741725,ORG
4893252,PER
6946549,MISC
7207,PER
38370,PER
80823,PER
179876,LOC
1347533,LOC
237534,MISC
152428,ORG
27791618,MISC
2277,MISC
150665,PER
150701,MISC
1142,LOC
6602,LOC
489911,LOC
15979,LOC
2833,LOC
34266,MISC
185801,PER
517,PER
894049,LOC
217230,LOC
200464,LOC
939,PER
106618,PER
622441,MISC
190959,LOC
539,PER
2634,LOC
8733,LOC
672556,MISC
72717,PER
780350,MISC
211372,MISC
347711,PER
739141,MISC
228186,MISC
271963,PER
12976,PER
12973,PER
47906,PER
3188,PER
6423963,MISC
265,LOC
42537,MISC
671348,LOC
3179541,ORG
182923,LOC
9545,PER
10658,ORG
940293,ORG
132418,LOC
385799,MISC
14196,MISC
7551933,LOC
174684,LOC
196845,LOC
179846,PER
4170097,PER
1967713,PER
1888471,ORG
393231,ORG
245389,PER
4773333,PER
193722,LOC
1563,LOC
1130158,ORG
11256,PER
117040,LOC
11270,PER
2031151,ORG
1357872,PER
750,LOC
183124,LOC
774,LOC
200252,LOC
265709,PER
2255072,ORG
17427,ORG
16977,PER
42970,ORG
4970,LOC
215351,PER
124873,LOC
1549105,LOC
855639,ORG
3240764,ORG
333206,ORG
16967,LOC
522649,ORG
164055,LOC
3778860,ORG
11746,LOC
46862,LOC
16572,LOC
748504,LOC
160805,ORG
315214,PER
507856,PER
204487,PER
94967,LOC
94873,LOC
54725,LOC
3472179,LOC
985354,LOC
748902,MISC
204342,MISC
11209,ORG
2738238,LOC
1509,LOC
2217496,LOC
3224404,ORG
131478,ORG
208100,PER
995192,PER
7347,LOC
710280,LOC
55428,PER
430535,MISC
49024,MISC
58444,PER
40523,PER
173196,PER
126399,ORG
182727,MISC
5816,PER
184351,PER
103916,PER
403902,PER
1785574,PER
4581421,PER
